x1,x2,x3,x4,p_a,fc,y
25.652,0.0062126,-0.00080232,2.9337e+05,1,60,1
25.652,0.030073,-0.001073,2.9338e+05,1,60,1
25.653,0.043133,-0.00018119,2.9351e+05,1,60,3
25.651,0.020992,-0.00090884,2.932e+05,1,60,3
25.654,0.066624,-0.0059699,2.9366e+05,1,60,9
25.652,0.11683,-0.00081899,2.9325e+05,1,60,9
